Tag	Counts
tv	1502
variety	745
korean dramas	718
pann	696
snsd	560
nonentertainment	397
exo	389
big bang	298
fx	260
t-ara	245
news	244
aoa	230
2ne1	230
suzy	230
kara	221
iu	220
hollywood	213
instiz	211
sulli	207
sistar	205
super junior	194
g-dragon	185
miss a	179
exid	167
wonder girls	164
hyuna	162
jessica	149
army	142
secret	140
a pink	140
we got married	131
b2st	131
4minute	127
twice	124
shinee	116
red velvet	116
girlfriend	114
ioi	114
2pm	112
jyj	111
girls day	111
taeyeon	108
seolhyun	108
cl	107
rain	106
infinite	105
krystal	102
positive dump	100
psy	98
LOL	96
after school	96
hyosung	93
winner	93
hani	90
media play	90
block b	90
idol actors	87
lee byung hun	83
yang hyun suk	83
tiffany	80
running man	78
yg entertainment	78
kim hyun joong	76
park jin young	75
cnblue	75
ikon	73
dispatch	72
hyeri	72
mblaq	71
yoona	71
kim tae hee	70
produce 101	68
won bin	66
lee hi	65
hyorin	65
crayon pop	65
girl's day	64
sooyoung	62
park bom	62
goo hara	62
tvxq	61
b1a4	60
zico	60
yg	59
wtf	58
ailee	57
infinity challenge	56
brown eyed girls	56
radio star	56
choiza	55
seungri	55
bts	54
lee joon	53
lee hyori	53
kim soo hyun	53
naeun	53
top	52
rainbow	52
sunye	52
sm entertainment	50
rumor mill	50
boa	50
yuri	50
taeyang	50
music bank	49
nana	48
sunhwa	48
soyu	48
luna	48
gain	48
telzone	47
park shin hye	47
lee min ho	47
taemin	46
hyunseung	46
cheese in the trap	46
baekhyun	46
nine muses	46
park yoochun	45
junsu	45
eunji	45
lee min jung	45
lee seung gi	45
inkigayo	44
sohee	44
jyp entertainment	44
black pink	44
victoria	43
where are you going dad	43
se7en	43
seohyun	43
on the charts	42
dara	42
dia	41
lovelyz	41
kris	41
lee yeon hee	41
tzuyu	40
jonghyun	40
tao	40
jun ji hyun	39
hyun bin	39
hara	39
nichkhun	39
song ji hyo	39
jaejoong	38
song hye gyo	38
oh yeon seo	37
zea	37
sm	37
choa	37
ladies code	37
mamamoo	37
eunhyuk	37
unpretty rap star 2	37
sunmi	37
park shi hoo	36
leeteuk	36
fnc entertainment	36
hwayoung	36
jiyoung	35
jiyeon	35
jay park	35
got7	35
jung chaeyeon	35
seungyeon	35
minzy	35
henry	34
sponsors	34
teen top	34
jimin	34
youngji	34
we got married 4	34
yoo jae suk	34
kwanghee	34
kahi	34
shinhwa	34
scandals	33
amber	33
lee jong suk	33
sunny	33
mask best singer	32
vixx	32
yoon eun hye	32
kai	32
nate pann	32
junhyung	32
clara	32
stellar	32
luhan	31
hyoyeon	31
yunho	31
chanyeol	31
akdong musician	31
yeeun	31
jrm	31
hyomin	31
fei	31
kang dong won	31
show me the money 4	31
kang min kyung	31
minah	30
college	30
goo hye sun	30
music core	30
reply 1988	30
jyp	29
lizzy	29
nicole	29
yg girl group	29
mnet	29
uee	29
taecyeon	29
jessi	29
kyuhyun	28
ilbe	28
real men	28
han ye seul	27
bora	27
soyeon	27
yoobin	27
nam tae hyun	27
kang ho dong	27
snl korea	27
mizuhara kiko	26
yewon	26
u-kiss	26
cosmic girls	26
davichi	26
dal shabet	26
heechul	26
nct	26
bae yong joon	26
park soo jin	26
song joong ki	25
you who came from the stars	25
articles board	25
btob	25
choi siwon	25
jang dong min	25
busker busker	25
movies	24
bap	24
eunjung	24
gary	24
sungmin	24
korean movies	24
cube	24
ft island	24
miss korea	23
bobby	23
sewol ferry	23
iac	23
yoo seung ok	23
jo in sung	23
kangin	23
changmin	22
superman	22
epik high	22
taetiseo	22
mama	22
sojin	22
cao lu	22
kim woo bin	22
min	22
mir	22
abnormal summit	21
yonghwa	21
yura	21
jun somi	21
yoochun	21
fiestar	21
lay	20
2am	20
do	20
descendants of the sun	20
the heirs	20
seo taiji	20
clc	20
oh my girl	20
minho	20
hwang jung eum	20
roommate	20
producer	20
kyungri	20
song minho	20
orange caramel	20
k-pop star 2	20
kim kwang soo	19
the best lee soon shin	19
l	19
jaekyung	19
ga-in	19
jia	19
jung yonghwa	19
spica	19
lee hongki	19
yg boy group	19
ns yoonji	19
kim heechul	19
mc mong	19
show champion	18
sm rookies	18
sasaeng fans	18
seo in guk	18
hallyu	18
bom	18
reply 1994	18
dasom	18
core contents media	18
lee na young	18
seventeen	18
kim so eun	18
dongho	18
moon geun young	17
park bogum	17
2015 mama	17
joo won	17
acting idols	17
brave brothers	17
kang seung yoon	17
song seung hun	17
sistar19	17
irene	17
seo jisoo	17
i hear your voice	17
jung hyung don	17
m countdown	17
sunggyu	17
beyonce	17
lee guk joo	17
jung woo sung	17
gyuri	17
kim yoo jung	17
jo kwon	17
sajaegi	17
society	17
yoo seung ho	17
jang geun suk	17
justin bieber	17
so ji sub	16
gentleman	16
juniel	16
han hyo joo	16
gna	16
go ara	16
iris 2	16
girl groups	16
hyelim	16
ryu jun yeol	16
sixteen	16
solji	16
tablo	16
tvn	16
lee soo man	16
simon d	16
kim sa eun	16
mib	16
that winter	16
moon lovers	16
shindong	15
thunder	15
reply 1997	15
school 2013	15
lee jang woo	15
b team	15
min hyo rin	15
billboard	15
lee jin wook	15
park han byul	15
ivy	15
boram	15
lee da hae	15
tyler kwon	15
north korea	15
lee dong gun	15
unpretty rap star	15
kang sora	15
go jun hee	15
park myung soo	15
umji	15
onew	15
ahn jae hyun	15
ha ji won	15
park hae jin	15
myname	14
shinbi	14
sungjae	14
miranda kerr	14
jieun	14
weekly idol	14
han ga in	14
the show	14
park hyung shik	14
chanmi	14
kim go eun	14
school bullying	14
jang dong gun	14
golden disk awards	14
joy	14
key	14
april	14
woollim entertainment	14
wendy	14
hangeng	13
hot	13
gu family book	13
lee sung kyung	13
beenzino	13
yoo ah in	13
lee tae im	13
cha tae hyun	13
yoo in na	13
sungso	13
dsp media	13
teddy	13
um tae woong	13
kim junsu	13
kim sejung	13
lee jun ki	13
movie	13
liu yifei	13
suho	13
go so young	13
good luck	13
troublemaker	13
win	13
kim min hee	13
jang ok jung	13
dynamic duo	13
jooyeon	13
hyunyoung	12
kwon sang woo	12
gangnam style	12
lee soo	12
kim yuna	12
jiyoon	12
hong suk chun	12
jyp new girl group	12
park geun hye	12
crush	12
gayoon	12
jo jung suk	12
ze:a	12
go young wook	12
ses	12
baro	12
gong hyo jin	12
kangnam	12
jihyun	12
e-sens	12
moon hee jun	12
soyul	12
han hye jin	12
stephanie	12
t-ara n4	12
kbs	12
jinwoon	12
bang yedam	12
britney spears	12
4 walls	11
younha	11
up and down	11
swings	11
bomi	11
enes kaya	11
tony	11
song jae rim	11
dok2	11
yeri	11
seoul music awards	11
marijuana	11
xiumin	11
park min young	11
politics	11
war of words	11
tony ahn	11
mr mr	11
son ye jin	11
scandal	11
woohyun	11
chloe moretz	11
jungah	11
hyoyoung	11
happy together 3	10
kim gura	10
cha seung won	10
seo in young	10
donghae	10
cheetah	10
ahreum	10
zeze	10
yawang	10
mina	10
show me the money 5	10
2016 mama	10
sbs gayo daejun	10
csjh	10
hyori	10
hello venus	10
mbc	10
kwon ri sae	10
diet	10
shark	10
sports seoul	10
baby kara	10
sonamoo	10
junyoung	10
15	10
yoo so young	10
hoya	10
newsen	10
sm cc	10
jung jun young	10
jung kyung ho	10
Yoon Mirae	10
wjsn	10
baek ji young	10
taeyong	10
superman returns	10
unpretty rap star 3	10
ji sung	10
yoseob	10
zinger	10
v app	10
honey lee	10
sehun	9
lee jung hee	9
yesung	9
seoul fashion week	9
sm station	9
god	9
daniel	9
yongpal	9
choi soon shil	9
kim sori	9
lion heart	9
rihanna	9
lee young ae	9
snoop dogg	9
f(x)	9
jun hyun moo	9
solar	9
leessang	9
son dambi	9
ring my bell	9
andy	9
soo ae	9
dmtn	9
jackson	9
rotta	9
sean	9
choi ji woo	9
entertainment radar	9
stardom entertainment	9
jackie chan	9
oh jong hyuk	9
tahiti	9
where are you going dad 2	9
narsha	9
hong jong hyun	9
rookies	9
i got a boy	9
the avengers 2	9
jisoo	9
jewelry	9
kim hee sun	9
uncontrollably fond	9
let beauty 3	9
lyn	9
hello	9
jennie kim	9
star king	9
red light	9
2012 mama	9
star empire	9
rania	9
song il guk	9
niel	9
gong yoo	9
kim eun sook	9
doojoon	9
boy 24	9
2015 seoul music awards	8
haha	8
sohyun	8
blind item	8
site news	8
up10tion	8
daesung	8
lee ji ah	8
hit the stage	8
2012 kbs gayo daejun	8
laws of the jungle	8
im siwan	8
suicide	8
gu9udan	8
plagiarism	8
nine	8
soyou	8
son ho young	8
junggigo	8
2yoon	8
snl 6	8
hongki	8
cherry blossom ending	8
boyfriend	8
jang giha	8
ss501	8
23	8
joo ji hoon	8
kim jo kwang soo	8
son heung min	8
kim sarang	8
vivian	8
crying nut	8
overdose	8
taylor swift	8
bestie	8
shin se kyung	8
blood	8
kristen stewart	8
kim bum	8
cho pd	8
editorials	8
gay	8
rap monster	8
park jimin	8
dating	8
our neighborhood fine arts	8
anecdotes	8
verbal jint	8
kill me heal me	8
off the record	8
kbs gayo festival	8
soobin	8
gi	8
yun jung hoon	8
wooyoung	8
jung hana	8
lady jane	8
nodame cantabile	8
1n2d	8
hate	7
sandara park	7
hyde jekyll i	7
blanc and eclare	7
tang wei	7
double a	7
seo kang joon	7
yerin	7
madame antoine	7
sangchu	7
mbc drama awards	7
jisook	7
drugs	7
articles news	7
eli	7
yezi	7
yeo jin goo	7
plastic surgery	7
gong seungyeon	7
isis	7
lady gaga	7
yoo seung jun	7
korean drama	7
miryo	7
ryeowook	7
nct127	7
yookyung	7
gangbuk cool guy	7
who are you	7
namjoo	7
duble sidekick	7
kim nam gil	7
mister mister	7
nct dream	7
key east entertainment	7
park hyo shin	7
finkl	7
ccm	7
lee ji yeon	7
i miss you	7
noh hong chul	7
my lovely girl	7
strong heart	7
wgm	7
sexy love	7
wassup	7
come back mister	7
Tiger JK	7
im chang jung	7
bloom	7
idols	7
2012 mbc gayo daejejun	7
2015 sbs gayo daejun	7
han sung ho	7
black nut	7
k-pop	7
dana	7
lie	7
minhyuk	7
webdrama	7
noh min woo	7
shinsadong tiger	7
30th golden disk awards	7
signal	7
anne hathaway	7
kim so hyun	7
komatsu nana	7
purplay	7
propofol	7
youtube	7
seulgi	7
go	7
animals	7
roy kim	7
monsta x	7
park yoo hwan	7
leonardo dicaprio	7
junho	7
angelina jolie	7
hangover	7
jung ryeo won	7
jun. k	7
kang ta	7
chungdamdong alice	7
knee-drop guru	7
tiny g	7
lee se young	7
cheer up	7
i	7
dohee	7
show me the money	7
board	7
shin min ah	7
k-pop star 3	7
ice bucket challenge	7
chen	6
healing camp	6
you think	6
melon music awards	6
nam gyuri	6
the fact	6
akb48	6
hatfelt	6
come back ajusshi	6
spring day of my life	6
k-pop star	6
school 2015	6
triplets	6
ji hyun woo	6
zion t	6
kemy	6
mix and match	6
jellyfish entertainment	6
ice cream	6
moonlight prince	6
adele	6
cha noa	6
fly to the sky	6
gangnam	6
the good wife	6
han ji min	6
jun jin	6
kim shin young	6
aoa cream	6
tasty	6
mask	6
lee yoobi	6
my little television	6
kwang soo	6
sungjong	6
chorong	6
sbs drama awards	6
dream	6
totoga	6
stefanie michova	6
yoo se yoon	6
park shi yeon	6
super junior-m	6
laboum	6
kim jong guk	6
fan bing bing	6
jo se ho	6
baek ah yeon	6
some	6
jihyo	6
topp dogg	6
10cm	6
infinite-h	6
misaeng	6
nate poll	6
hong soo ah	6
jyp new boy group	6
heize	6
pledis	6
iljin	6
rough	6
victoria beckham	6
mamacita	6
baeksang arts awards	6
my sassy girl 2	6
san-e	6
holler	6
kwon eunbin	6
mad clown	6
lee jong hyuk	6
k-pop star 5	6
k-pop star 4	6
i just wanna dance	6
eric	6
red	5
chris brown	5
china	5
robert downey jr.	5
yoon hoo	5
seeya	5
tc candler	5
jay-z	5
navi	5
kim kibum	5
slam dunk of unnis	5
2014 mama	5
nillili mambo	5
it's alright it's love	5
musicals	5
dream concert	5
excuse me	5
oh seung hwan	5
hot pink	5
the queen's classroom	5
n	5
jennifer lawrence	5
world cup 2014	5
trouble maker	5
chu sarang	5
daddy	5
sechs kies	5
park kyung	5
brad pitt	5
knowing bros	5
pretty man	5
gui gui	5
i feel you	5
selena gomez	5
snl 7	5
kim won joong	5
kim kardashian	5
siwon	5
orange marmalade	5
monster	5
real men 4	5
real men 2	5
siwan	5
blue dragon film awards	5
a	5
gaon k-pop awards	5
choi tae joon	5
nell	5
cf	5
kang jiyoung	5
jyp girl group	5
jin se yeon	5
kim do yeon	5
master's sun	5
huh gak	5
lee haeri	5
woori	5
starship	5
jang mi in ae	5
idol athletic championship	5
emma watson	5
go eun ah	5
amanda seyfried	5
heirs	5
tt	5
euna kim	5
dongwoon	5
kim juna	5
park se young	5
when a man loves	5
2012 mma	5
yoo yeon suk	5
dani	5
full moon	5
monstar	5
j tune	5
lee bum soo	5
gil	5
culture	5
dumb dumb	5
lee eun sung	5
robert pattinson	5
shinozaki ai	5
shin ji hoon	5
lee hayi	5
lunar new year	5
bi	5
pentagon	5
tom cruise	5
trainees	5
mister chu	5
yang hong suk	5
god's gift	5
harley quinn	5
who's next	5
2012 sbs gayo daejun	5
nayeon	5
brian	5
zhou mi	5
dongwoo	5
eunha	5
bestiz	5
hyungshik	5
whasa	5
lee shi young	5
hong sang soo	5
fandom culture	5
jung hye young	5
jung woo	5
exo next door	5
junghwa	5
nam bora	5
ex-girlfriend club	5
rise	4
school	4
poison	4
byun yohan	4
100	4
law of the jungle	4
kang minhyuk	4
kapdong	4
chris golightly	4
winner tv	4
san e	4
rookie	4
a cube	4
kim dong wan	4
eugene	4
song jong guk	4
good boy	4
one	4
day6	4
primary	4
seduction	4
lee sang soon	4
doctor stranger	4
fashion	4
kepa	4
ki sung yong	4
brave girls	4
cupid	4
dahee	4
kim jong un	4
mamma mia	4
kang mina	4
ye jung hwa	4
sm girl group	4
lee dong hwi	4
the body show	4
russian roulette	4
sandeul	4
loen entertainment	4
why so lonely	4
yuna	4
shin dong yeob	4
ueno juri	4
kim so hye	4
rumor	4
jung ga eun	4
late night restaurant	4
david beckham	4
yang jiwon	4
sbs entertainment awards	4
soju	4
kara project	4
jack black	4
choi daniel	4
ha yeon soo	4
to the beautiful you	4
danwon high school	4
co-ed	4
joo sang wook	4
1230	4
kang jung ho	4
boys republic	4
eunbi	4
dancing with the stars 3	4
park bo young	4
actor school	4
hi suhyun	4
han chae young	4
park min ha	4
kim hye soo	4
kang hye jung	4
2015 saf	4
jung jinwoon	4
lee jong hyun	4
bada	4
japanese dramas	4
joohyun	4
ray yang	4
joker	4
baek yerin	4
k-will	4
ts entertainment	4
crown j	4
mbk entertainment	4
rhymer	4
sarang	4
lee bo young	4
2012 mbc drama awards	4
alex	4
seungho	4
brooklyn beckham	4
zest	4
qri	4
blood sweat and tears	4
honey butter chips	4
flower boy neighbor	4
dream girls	4
go kyung pyo	4
gdtop	4
hanteo	4
maroon 5	4
shake it	4
instagram	4
kim young kwang	4
choi yeo jin	4
six bomb	4
trot lovers	4
glam	4
dugeun dugeun india	4
ah yeah	4
v	4
jellyfish girl group	4
yoo hee yeol	4
party	4
girl who sees smell	4
i live alone	4
darling	4
someday	4
jea	4
park ji min	4
girls' generation	4
doctors	4
shim eun kyung	4
i like that	4
make your move	4
kbs entertainment awards	4
wheesung	4
iron	4
jang hyuk	4
kim jang hoon	4
jung jun ha	4
po	4
kim tae woo	4
g soul	4
mbc entertainment awards	4
1 minute 1 second	4
the genius 2	4
yoojoo	4
drama	4
fantasia	4
hyejung	4
jung eun woo	4
shin jung hwan	4
miraes choice	4
bianca	4
lee sun gyun	4
eric nam	4
south china sea	4
byul	4
yuta	4
bae bae	4
tc chandler	4
happy ending	4
yg family	4
pinocchio	4
sketchbook	4
jang nara	4
sunny hill	4
kim yong joon	4
nara	4
nada	4
ha jung woo	4
yoo yeon jung	4
reboot	4
mbc gayo daejejun	4
us election 2016	4
warm and cozy	4
chansung	4
heard it through the grapevine	4
lolita	4
son ho jun	4
three meals a day	4
nicolas cage	4
gummy	4
bae doona	4
goblin	4
dasoni	4
brand new music	4
let beauty 4	4
shin dong yub	4
u-kwon	4
gray	4
find me	4
ryu shi won	4
prime minister and i	4
jang bum joon	4
park ip sun	4
hong jin ho	4
deja boo	4
ryeo won	4
immortal song 2	4
loen	4
hanbok	4
lee soo min	4
tmz	4
2012 sbs drama awards	4
kikwang	4
k-pop star 6	4
how's that	4
nct u	4
kangta	3
bing bing	3
introduction to architecture	3
sexual assault	3
mers virus	3
gaeko	3
baby vox	3
lets eat	3
she was pretty	3
caro emerald	3
hyukoh	3
basick	3
angel eyes	3
lee jin	3
oasis	3
j.y. park	3
wheein	3
hallyu ban	3
yang se hyung	3
immortal song	3
gugudan	3
aomg	3
wooshin	3
bobby doll	3
mystic 89	3
dream high	3
lee kyung kyu	3
lifted	3
lee seung yeon	3
grand bell awards	3
the legend of the blue sea	3
sober	3
kim ha neul	3
assarabia	3
kim yoomi	3
people of hip hop	3
yoon jong shin	3
big hit	3
ha yeonsoo	3
samiljeol	3
my sassy girl	3
amoeba culture	3
abc	3
3 days	3
sugar	3
supearls	3
show me the money 2	3
bad	3
hip hop	3
seulong	3
lee soo hyuk	3
conan o'brien	3
watcha doin today	3
yes	3
kbs drama awards	3
unnies	3
fnc	3
kim na young	3
supreme team	3
baba b1a4	3
brave family	3
eyes nose lips	3
taeheon	3
jessica alba	3
pandora	3
shin sung rok	3
jinyoung	3
go so hyun	3
dean	3
maxim	3
dalmatian	3
jang yoon jung	3
anorexia	3
sixth man	3
the genius 4	3
chaeyoung	3
like ooh ahh	3
29th golden disk awards	3
dorihwaga	3
lee da hee	3
kang shinae	3
catch me	3
ss301	3
t-ara's confession	3
gayoung	3
naver	3
kim jin hwan	3
kohaku uta gassen	3
nugu	3
t-ara's sister group	3
she's so lovable	3
danny ahn	3
bh	3
kim hyung tae	3
i swear	3
28th golden disk awards	3
kim tae ho	3
sugar free	3
click b	3
tts	3
kim sohye	3
banana project	3
twilight	3
lee sang yoon	3
inspiring generation	3
gaon chart	3
lets eat 2	3
don't say no	3
smtown	3
conspiracy	3
kush	3
ashton kutcher	3
kim min joon	3
moon chae won	3
jinusean	3
so yi hyun	3
lee wan	3
korean food	3
chun jung myung	3
2012 mbc entertainment awards	3
love and war 2	3
somin	3
navillera	3
mensa	3
mariah carey	3
angelababy	3
offroad	3
dongjun	3
demi moore	3
taxi	3
rose	3
julien kang	3
queen of ambition	3
open world entertainment	3
solbin	3
kusanagi tsuyoshi	3
wolf	3
kam woo sung	3
who's your mother	3
into the new world	3
jin	3
racism	3
bumkey	3
nuest	3
sm the ballad	3
lee seung hoon	3
playing with fire	3
jang ja yeon	3
paris hilton	3
year end wrap up	3
1ps	3
hwang shin hye	3
hwajung	3
blue sea	3
sowon	3
sentimental	3
sana	3
orlando bloom	3
entourage	3
seo ha joon	3
kim giri	3
cha ye ryun	3
vip	3
park si yeon	3
dahyun	3
bewhy	3
nam goong min	3
avril lavigne	3
kanye west	3
bar bar bar	3
beauty bible	3
jim sturgess	3
gag concert	3
hayoung	3
mystery	3
drake	3
2014 sbs gayo daejun	3
haru	3
woo taewoon	3
sbs	3
31st golden disk awards	3
toy	3
uh-ee	3
vibrato	3
w	3
tyra banks	3
lee jung jae	3
choco chip cookies	3
kim hyung jun	3
allkpop	3
2014 kbs gayo festival	3
ulzzangs	3
ice cream cake	3
exy	3
trending topics	3
triangle	3
lee hwi jae	3
2013 mama	3
chuseok	3
kang ji hwan	3
2015 kbs gayo festival	3
love me right	3
ravi	3
grammy awards	3
choi yoojung	3
fire	3
dakota fanning	3
cha yoonji	3
real	3
future choice	3
donald trump	3
flower boy next door	3
kim sung ryung	3
brave journalists	3
jeff bernat	3
yoon hye jin	3
big	3
five fingers	3
the eye	3
kim jin kyung	3
go hyun jung	3
digital music	3
housekeeping	3
finding momo land	3
i am a singer	3
heart attack	3
hong jin young	3
sports	3
100 year inheritance	3
blind items	3
gallup	3
angry mom	3
the romantic	3
lucky romance	3
urban zakapa	3
choi woo shik	3
jung jin hyung	3
wooram	3
raina	3
chenbaekxi	3
mc the max	3
jo jin woong	3
whisper gossip	3
liar game	3
gd	3
ny times	3
fashion king	3
fly	3
master wu	3
kim yong man	3
birth of a beauty	3
kim yeonji	3
jang gi ha and faces	3
polaris entertainment	3
kibum	3
secret garden	3
im yoon taek	3
bolin chen	3
apple	3
spy	3
cj em	3
5live	3
charity	3
halloween	3
kang byung kyu	3
pro c	3
the taetiseo	3
jun sun hye	3
fnc boy group	3
music shows	3
2015	3
chained up	3
youth over flowers	3
rainbow blaxx	3
kwak jung wook	3
jung so min	3
shannon	3
2014 sia	3
ki hee hyun	3
2012 sbs entertainment awards	3
wgm global	3
same bed different dreams	3
scooter braun	3
time	3
park ki woong	3
remember	3
sm dramas	3
lee seung chul	3
2015 miss korea	3
bastarz	3
kiss my lips	3
heo ji woong	3
korean music awards	3
lindsay lohan	3
the time we were not in love	3
funny or die	3
the terminator 5	3
alohara	3
zhang yuan	3
kim ji soo	3
hello bi+ches	3
jung suk won	3
pritz	3
supernova	3
harisu	3
bangtan boys	3
entertainment relay	3
empress ki	3
emergency couple	3
megan lee	3
evol	3
oh my ghost	3
yooa	3
cyrano agency	3
asian games	3
barefeet friends	3
2016 sbs gayo daejun	3
seungah	3
chancellor	3
choi jin hyuk	3
7th grade civil servant	3
time 100	3
twitter	3
crime scene 2	3
bernard park	3
bam bam	3
ji chang wook	3
high cut	3
kim chungha	3
kwon jung yeol	3
katie holmes	3
mers	3
taewoon	3
yeo min jung	3
astro	3
academy awards	3
education	3
2016 mbc drama awards	3
50 shades of grey	3
hwang min woo	3
1 night 2 days	2
kim jae won	2
solbi	2
stabbed	2
t.o.p.	2
ken	2
+	2
kwak jung eun	2
goo jun hee	2
tasty road	2
yoon sung hyun	2
kim tae hyun	2
mc gree	2
all about my romance	2
come to play	2
be natural	2
loona	2
min guk	2
madonna	2
hoo	2
the night before the wedding	2
mogef	2
kim jisoo	2
gp basic	2
suicide squad	2
goodbye	2
kim so yeon	2
park ji sung	2
investigative journalism	2
kate middleton	2
k. will	2
star of the universe	2
ock joo hyun	2
pachinko	2
w korea	2
2016 sbs drama awards	2
healer	2
yoo ji ahn	2
24k	2
slam dunk 2	2
kriesha tiu	2
no more	2
li bing bing	2
jungyeon	2
na young suk	2
helpleejunghee	2
lee jung hyun	2
nhk	2
it's okay	2
oppa is just my style	2
xia	2
master	2
endless love	2
kim shin il	2
emma stone	2
advertising genius lee tae baek	2
one of a kind	2
minyoung	2
fandom	2
d-unit	2
kim eun bi	2
snowflake	2
slam dunk	2
john legend	2
cap	2
lee ha yi	2
colors	2
the boss is watching	2
live stream	2
kendall jenner	2
mila kunis	2
han boreum	2
tough cookie	2
hogu's love	2
asiana	2
chanel	2
yoon kye sang	2
lee jung soo	2
millenium boy	2
eunseo	2
some day	2
yoo hae jin	2
k-pop contracts	2
lovestagram	2
2012 seoul music awards	2
kitti b	2
super 7	2
nation's first love	2
um ji won	2
begin again	2
dating agency	2
secret love affair	2
kim kyung ho	2
choi kang hee	2
far east movement	2
kim	2
a style for you	2
dog meat	2
press your number	2
bad journalism	2
musical	2
album sales	2
bang bang bang	2
51st baeksang arts awards	2
chaeyeon	2
sungyeol	2
kim sang hyuk	2
the space between	2
cnu	2
kim nam joo	2
cnn	2
jang hanna	2
lee jung jin	2
please take care of my fridge	2
mbk	2
missing you	2
i don't take sub requests sorry	2
1tym	2
matthew douma	2
little psy	2
we broke up	2
chinese dramas	2
seoul arts high school	2
toheart	2
lee michelle	2
minhee	2
train to busan	2
yozoh	2
sung yuri	2
heart to heart	2
melon	2
the package	2
2016 asia artist awards	2
call me baby	2
2014 sbs drama awards	2
only you	2
exo-l	2
only one	2
exo-k	2
run	2
mind your own business	2
japanese media	2
earthquake	2
jo jung chi	2
boni hani	2
tak jae hoon	2
faith	2
barefoot friends	2
2016 melon music awards	2
pretend	2
crazy	2
2013 mbc gayo daejejun	2
seo yeji	2
seoul university	2
varieties	2
hon	2
yoo ara	2
pentagon maker	2
kim woo joo	2
kim min jung	2
bonnie and clyde	2
lee dong wook	2
ki hong lee	2
the seeya	2
grandpas over flowers	2
kim dong wook	2
bowling	2
jung il woo	2
big man	2
troll	2
kim sae ron	2
go soo	2
will smith	2
jjak	2
tymee	2
p.o.	2
don't cry mommy	2
yang hee eun	2
sweet girl	2
ahn joong geun	2
yes no	2
kim dong ryul	2
dj skrillex	2
kim eunbi	2
oh my baby	2
good doctor	2
shoo	2
hye park	2
black	2
lee sun bin	2
gee	2
c-clown	2
liu wen	2
hyelin	2
fxxk u	2
full house 2	2
jessica & krystal	2
nice body	2
kim yerim	2
a.cian	2
the guardian	2
missing nine	2
jun hye bin	2
don't look at me	2
son suk hee	2
drunk driving	2
joo	2
x-files	2
shin hye sung	2
couples	2
media	2
yoon se ah	2
naeil's cantabile	2
uji	2
Zia	2
gong seung yeon	2
back seat	2
wonwoo	2
thorn apple	2
hot blood kangho	2
crime scene	2
jun minju	2
fujii mina	2
college entrance exam	2
im in love	2
estee lauder	2
oscars	2
air asia	2
g.na	2
2015 melon music awards	2
babysitter	2
#ootd	2
dream girl	2
youu	2
rita ora	2
heh	2
kim min guk	2
jun	2
fnc kingdom	2
jang gi ha	2
sonagi	2
yang dong geun	2
pokemon go	2
snakehead	2
sam hammington	2
prism	2
melody day	2
a talk	2
very very very	2
kang ha neul	2
gil gun	2
ji yun woo	2
sung joon	2
exodus	2
kim hee ae	2
issues	2
sori	2
jeremy renner	2
fancafe	2
kim bo hyung	2
go show	2
beatles code	2
the sun's descendant	2
oecd	2
the red	2
jun do yeon	2
kakao talk	2
dual life	2
chunmyung	2
yoon shi yoon	2
jung in	2
yang yang	2
singing in the rain	2
lee soo kyung	2
shinhwa broadcast	2
5dolls	2
derrick bullock	2
local hero	2
at gwanghwamun	2
pray	2
nice guy	2
aoora	2
subin	2
2014 dream concert	2
running man china	2
nepal	2
short hair	2
kim jun hyung	2
the king	2
mma	2
misogyny	2
cream bread father	2
song yoo bin	2
superbowl	2
joey bada$$	2
jinhwan	2
kim myung min	2
tajinyo	2
square two	2
2015 mma	2
yook jidam	2
kard	2
jang seung jo	2
city conquest	2
k2	2
ryu soo jung	2
im jelly baby	2
sunam girls high school detectives	2
kopino	2
minha	2
come back home	2
exp	2
ariana grande	2
ji soo	2
chae jung ahn	2
love in the moonlight	2
bambino	2
jung woong in	2
whistle	2
jodie foster	2
oricon	2
mukbang	2
c-jes entertainment	2
missing	2
muscle queen project	2
etude house	2
park jung min	2
yoo young jin	2
modern farmer	2
whoo	2
kim eana	2
seoulite	2
american advancement	2
surveys	2
frozen	2
aa	2
xiah	2
yoon so hee	2
2016 kbs gayo festival	2
katie kim	2
new world	2
boys over flowers	2
sung shi kyung	2
sayuri	2
amy	2
knk	2
lee eun hee	2
danger	2
cinderella and four knights	2
the walking dead	2
nasty nasty	2
lee chae young	2
wings	2
9gag	2
miley cyrus	2
park ji yoon	2
somi	2
bermuda triangle	2
t	2
2016 mma	2
2013 mma	2
kang doori	2
win win	2
11:11	2
idol talent show	2
lexy	2
bad girls	2
hard carry	2
kim byung man	2
hawwah	2
lina	2
beach fossils	2
raccoon boys	2
phantom	2
hafd	2
g.o.d.	2
paradise lost	2
katy perry	2
edm	2
miss $	2
facebook	2
idol school	2
cube dc	2
superstar k4	2
joo jin mo	2
hurt locker	2
shin ha kyun	2
chun woo hee	2
berry good	2
oh my venus	2
hanhae	2
amber heard	2
kosc	2
married to the music	2
get it beauty	2
something	2
hyunjoo	2
vibe	2
dae jang geum 2	2
le	2
guga medical book	2
shin bora	2
kim ji won	2
sung soo jin	2
solo day	2
park jung ah	2
pledis girlz	2
blanc	2
jyj law	2
2012 kbs drama awards	2
the baddest female	2
brown eyed soul	2
suri cruise	2
park seo joon	2
black swan	2
sogyeokdong	2
sf9	2
im se ryung	2
infinite f	2
viki	2
hollywood is just an umbrella tag for all nonkpop stars	2
moon soo ah	2
seoul drama awards	2
park ki ryang	2
panic disorder	2
2013	2
park ji bin	2
kim yong ho	2
sanggeun	2
diplo	2
lee min woo	2
steven yeun	2
view	2
cho yong pil	2
2015 mbc entertainment awards	2
the interview	2
don't hate me	2
roommate 2	2
peniel	2
b1a4 little sister group	2
moorim school	2
kim jun ho	2
warning sign	2
michael jackson	2
outsider	2
we are siblings	2
bbc	2
gucci	2
lee min ki	2
gayo daejun	2
tasha	2
chu sung hoon	2
myb	2
jinnabit	2
catch me if you can	2
romeo	2
goddess of fire jung yi	2
oops	2
kang yewon	2
young cream	2
happiness	2
now	2
changjo	2
nate	2
boom	2
last romeo	2
macaulay culkin	2
i am a singer 3	2
lee ji hyun	2
bolbbalgan sachungi	2
loser	2
nam joo hyuk	2
jiwon	2
kim jin pyo	2
sochi olympics	2
2014 melon music awards	2
lee hyun woo	2
olivia hussey	2
eun ji won	2
johnny depp	2
jine	2
lee jin ah	2
cinderella	2
non-summit	2
baek jae hyun	2
gaia	2
miss universe	2
demonstrate	2
ma dong suk	2
crucial star	2
momoland	2
stay	2
talk that	2
seungwoo	2
samsung	2
4l	2
soul shop	2
2012 gayo daejun	1
dolce and gabbana	1
2013 kbs drama awards	1
jihae	1
don't forget me	1
ocn	1
cass light	1
weight watchers	1
paris	1
dramafever	1
antenna music	1
yoonjo	1
korean war	1
jung jin woo	1
the world that they live in	1
ssenunni	1
jo han sun	1
jason mraz	1
happy mode	1
prain tpc	1
still alive	1
i love you guys please don't throw rocks at me	1
cha in pyo	1
separated families	1
mirage	1
lee jung yong	1
derek hough	1
marry me	1
summer	1
g gorilla	1
the art of fist duel	1
all about that bass	1
call you bae	1
brexit	1
seunghyun	1
2015 kbs drama awards	1
lily m	1
kang soo ji	1
sorry for title typo	1
cars	1
michal pudelka	1
sam kim	1
dior homme	1
poppin hyun joon	1
ballad groups	1
if you do	1
2014 mbc entertainment awards	1
hyundai	1
oh my girls	1
xu jinglei	1
love rain	1
all in	1
k	1
whatbecomes	1
bro	1
itunes	1
na hye mi	1
military	1
kido	1
myanmar	1
yoo jun sang	1
ooh ahh	1
dazed & confused	1
woody allen	1
2016 kda	1
star wars	1
chun danbi	1
so i married an anti-fan	1
dongsang imong	1
jo hyung ki	1
2016 lacma art + film	1
song ga yeon	1
breathe	1
robin williams	1
team syachihoko	1
lipstick prince	1
is it poppin	1
michelle lee	1
g	1
girl spirit	1
neurofibroma	1
2014 academy awards	1
lee ji hye	1
entertainer	1
my	1
dirty talk	1
ish-one	1
india	1
master chef korea	1
apop entertainment	1
the chaebol's daughter	1
snl7	1
kim eunjung	1
google korea	1
interview	1
gibalhan chicken	1
song yoo geun	1
jun won joo	1
jang yoon joo	1
lee chung ah	1
bobby kim	1
sbs gayo daejunm	1
gabie kook	1
so happy i can finally fulfill this request for all of you who asked! thanks for your patience	1
italy	1
guckkasten	1
kim sang joong	1
better day	1
kim hye sung	1
2013 sbs drama awards	1
2015 korean drama awards	1
american dramas	1
2016 kbs entertainment awards	1
feedback	1
kubo anna	1
korea's next top model	1
song hye myung	1
what if it was going	1
kim saeron	1
prhyme	1
kim sook	1
channel aoa	1
the magician	1
celebrities read mean tweets	1
jucy	1
korea cable tv awards	1
walking softly	1
kcon 2016	1
kcon 2015	1
cultwo show	1
our kapsoon	1
passionate love	1
tourism	1
shota tezuka	1
lillian	1
junhyuk	1
my type	1
let's not fall in love	1
flower power	1
abracadabra	1
shin won ho	1
2shai	1
baek yoon shik	1
les miserables	1
the three musketeers	1
rx	1
goodnight kiss	1
dsp	1
sony music korea	1
park jae jung	1
shin sung il	1
the attorney	1
music programs	1
kim joo hyuk	1
just right	1
standing egg	1
euaerin	1
the story begins	1
elle	1
balmain	1
ja rule	1
lee sem	1
rush hour 4	1
yo in na	1
lee santa	1
p-type	1
hotel king	1
lee so yeon	1
eric bellinger	1
zelo	1
yejin	1
back to my face	1
fire truck	1
hood	1
captain q	1
for life	1
liar liar	1
dodoomchit	1
son soo hyun	1
sorry lots of sm articles	1
lee ki woo	1
chest-shire	1
fka twigs	1
sleepless night	1
the night watchman	1
rohui	1
wachowski	1
haduri	1
anxiety	1
yahoo awards	1
prince harry	1
lil boi	1
mtv europe music awards	1
one direction	1
choi hee jin	1
news room	1
spectrum	1
rap	1
the wailing	1
snsd.	1
O_O	1
one more	1
power people 2016	1
ri sol ju	1
ricky martin	1
stargazing	1
panties	1
my type 2	1
guest house	1
rolling stone	1
kang min kung	1
you're so fine	1
ulala session	1
miss chunhyang	1
2018 pyeongchang olympics	1
dob	1
jiyul	1
micky jung	1
alumni	1
yang	1
today show	1
yano	1
lee yeji	1
marvel	1
seohuyn	1
signatures	1
bomb	1
pope	1
random	1
chris pratt	1
invincible youth	1
hong young ki	1
shiyoon	1
windy day	1
my heart beats	1
red line	1
1 of 1	1
samsonite	1
flowsik	1
sang hoon	1
kim se jung	1
dk	1
mulan	1
lee chun hee	1
2016 apan	1
jung yoomi	1
gaeun	1
lee soo hyun	1
show me the money 3	1
????	1
jeon woo chi	1
kang yoomi	1
leader's	1
touch my boy	1
automatic	1
seoyoung	1
taesaja	1
doctors hate her!!!!	1
1 cm pride	1
broadcast jockey	1
the queen of office	1
come in	1
cheska	1
brazil	1
dae jang geum	1
kang ji young	1
2013 korean music awards	1
miss seoul	1
peaceminusone	1
elsie	1
rise as god	1
jung tae woo	1
come here	1
musical daesang	1
harvest moon	1
harvard	1
seunghee	1
4minute world	1
doctor pepper	1
jubi	1
jung bum kyun	1
ji suk jin	1
yijo	1
broken valentine	1
brad	1
why so serious	1
aka netizenbuzz summed up in a nutshell	1
nicole scherzinger	1
yg unit	1
twenty-three	1
romantic fantasy	1
wild flower	1
the red shoes	1
priscilla	1
kim heung guk	1
2015 academy awards	1
sm hawaii workshop 2016	1
.	1
jungmin	1
strawberry milk	1
niditi	1
spin	1
moon ji yoon	1
kota	1
norazo	1
jin jin	1
doha	1
never ever	1
free somebody	1
kim min ji	1
be bop	1
haeryung	1
high society	1
lee yoo young	1
tim cook	1
brownie	1
seo kyung soo	1
kylie jenner	1
reese witherspoon	1
eddy kim	1
complex	1
very hot	1
2015 weibo awards night	1
chaness	1
w project	1
yoo seung min	1
hana	1
kiseob	1
go crazy	1
tang anqi	1
dancing 9	1
varety	1
2013 sbs gayo daejun	1
jung ho yeon	1
hwang bomi	1
lee se yong	1
im doing so good keeping up with drama updates guys T_T im proud of myself are you????	1
2014 kbs drama awards	1
sorry accidentally deleted the other one without realizing	1
sleepy	1
kim jin	1
johyun	1
yey	1
daejong awards	1
ooh ah	1
hyunsung	1
minhwan	1
flowerbud	1
miss me or diss me	1
what a mess of a show	1
mister sunshine	1
apple pie	1
kim yoo yeon	1
guo jingming	1
yang mi	1
lee seo jin	1
2015 dream concert	1
kim choong hoon	1
#goals	1
jyp duet match	1
aram	1
melting	1
pretty u	1
yashishi	1
andante	1
forbes korea	1
pacquiao	1
malaysia	1
biff	1
usher	1
mini girls	1
the great marriage	1
bruno mars	1
lee mi sook	1
xing	1
kangnam style	1
shake that brass	1
kim jin sol	1
umi	1
a-prince	1
ben affleck	1
caffeine	1
the fault in our stars	1
im organizing the gayo daejun post now please wait :X	1
aaron kwok	1
oh sang jin	1
birdman	1
magazine	1
high school	1
2012 melon music awards	1
anime	1
lc9	1
mbn	1
jo boa	1
selfie	1
fan service	1
lies	1
jeno	1
koeran dramas	1
jung yoora	1
snowpiercer	1
2016 mbc entertainment awards	1
america	1
go ah sung	1
all the k-pop	1
seo ji young	1
growl	1
do the right thing	1
kpop	1
invisible man	1
south korea	1
hopeless love	1
rayul	1
pricked	1
a new leaf	1
2014 gayo daejun	1
mtv	1
heartstrings	1
2014 kbs entertainment awards	1
i am the best	1
love and hiphop hollywood	1
iyah	1
paldang dam	1
age of youth	1
stephanie lee	1
ancient medical book	1
rubber soul	1
ahn jae wook	1
catallena	1
reggae	1
smtown cafe	1
simon	1
models	1
2016 korea cable tv awards	1
my little baby	1
big mama	1
super junior-henry hahaha	1
back	1
fan death	1
shoopen	1
whatta man	1
coach	1
webtoon	1
global	1
2016 miss korea	1
lil cham	1
sorry if you think this article is boring :( i love animals	1
milk	1
monday couple	1
kim hee jung	1
a million pieces	1
bruce jenner	1
between the lips	1
myteen	1
mason moon	1
mediaus	1
kloud	1
yoo min	1
detective alice	1
2016 sbs entertainment awards	1
my love eundong	1
cool	1
son tae young	1
chaekyung	1
baekkyung	1
kang eunbi	1
revolution	1
please don't	1
exo-t	1
tom hiddleston	1
kang seung hyun	1
why??	1
saya	1
kim jong hak	1
2014 miss korea.	1
haechan	1
super idol chart show	1
athena	1
i like 2 party	1
lost in perspective	1
freaky	1
uniqlo and lemaire	1
supporting	1
brave new world	1
i kind of want to watch this now	1
expo milano 2015	1
[	1
ill try to update more later there are barely any articles :O	1
kim dong hyun	1
smtown land	1
2014 miss korea	1
hyun young	1
twenty again	1
justin long	1
dream team	1
awesome baby	1
doyoung	1
milla jovovich	1
katherine heigl	1
kim min jong	1
seo kyung duk	1
tokyo dome	1
miyazaki hayao	1
min ji won	1
bbpop	1
kim yumi	1
star wars 7	1
france	1
indie	1
idol national singing contest	1
masaki suda	1
to home	1
yes or no	1
yoojin	1
jennifer lopez	1
sungah	1
high ground	1
the handmaiden	1
jaycee chan	1
kim ok bin	1
hwarang	1
victor ahn	1
boys 24	1
heart	1
geeks	1
t-ara jiyeon	1
young blood	1
sharp	1
global news	1
k-plus	1
my sweet orange tree	1
s#arp	1
k-pop reaction videos	1
write	1
speak of love	1
peach tree	1
kohaku	1
ahn soo min	1
??	1
cruz beckham	1
jonghoon	1
sorry im late	1
meghan trainor	1
taiki takahashi	1
mac	1
aos	1
sns	1
the prince	1
jang woo hyuk	1
alphabat	1
li yi feng	1
reader question	1
doodoomchit	1
kim hyun ji	1
defconn	1
kiko	1
n.flying	1
bill gates	1
lee hee jun	1
travel	1
touch my body	1
dazzling red	1
hotshot	1
idk what that is rubber latex shiny ???	1
secret room.	1
kim jong min	1
aegyo	1
fitness america weekend 2014	1
your name	1
shin eun kyung	1
jennifer aniston	1
dramatic blue	1
noise marketing	1
shin woo chul	1
one cat	1
visit korea year	1
kwon jinah	1
music charts	1
sam okyere	1
lonely	1
snh48	1
?????????????	1
momo	1
kim sun ah	1
children's day	1
halo	1
ill give you everything	1
j wide company	1
im ill	1
brody	1
fanpages	1
im just as bored with their news as you are but its all over my news feed	1
hong jin hee	1
suzy hat	1
twice tv	1
han soo min	1
oh ja ryong	1
vixxlr	1
woo jong wan	1
richard marx	1
yoo byung eon	1
lee hana	1
sponsor	1
stitch	1
journalist you tried	1
gfriend	1
jessie j	1
lee hae in	1
maendorong ttottos	1
hong soo hyun	1
ringa linga	1
yoon young mi	1
paul mccartney	1
beu ah boy	1
park shin yang	1
facebook goddess	1
aoa black	1
aoa channel	1
ajax	1
marionette	1
be a man	1
tomita mayu	1
seth macfarlane	1
carnival	1
horan	1
oh hyuk	1
superbee	1
lean on me	1
lee soo geun	1
blink	1
kourtney kardashian	1
duet music festival	1
picnic	1
pokemon	1
love rides the song	1
the love	1
les militaribles	1
the hymn	1
man in love	1
choi min soo	1
i see your voice 2	1
the its know	1
2016 seoul music awards	1
kim ah joong	1
no troll pls	1
chanwoo	1
wild horse	1
fantastic duo	1
toky dome	1
baby baby	1
musclemania	1
q is	1
sera	1
shin dong wook	1
woo yerin	1
2016 american music awards	1
prostitution	1
lee yoon mi	1
kawahara yui	1
2015 mbc drama awards	1
jung seung hwan	1
tell me	1
kevin	1
the celebrity	1
joo kyul kyung	1
map6	1
jpop	1
taeyoen	1
kyung	1
jaehee	1
godurim	1
mate	1
jyp america	1
queens	1
high 4	1
soojung	1
the eccentric daughter in law	1
tenpro	1
share house	1
kang woo suk	1
recipe	1
ahn sung hyun	1
yoon ji won	1
guest post	1
space girl	1
joo young hoon	1
lee mi young	1
wut	1
tiamo	1
the josun shooter	1
ryu seung ryong	1
im sure it cant go wrong!!!	1
kang min hee	1
joowon	1
seo ji soo	1
busan asian one festival	1
comedy big league	1
highteen	1
superstar k	1
drunken tiger	1
park yong ha	1
hangeul	1
brand brave	1
bekah	1
comebacks	1
where	1
mdbp festival	1
netizens	1
here we go again	1
song for you	1
nail shop paris	1
weibo	1
puma	1
jaewon	1
if i were you	1
my dear cat	1
daum	1
un	1
peejay	1
voodoo doll	1
bad girl	1
school oz	1
mean girls	1
b.a.p	1
sung jun	1
don't speak	1
han suk gyu	1
umbrella leaf	1
lee hwan hee	1
butterfly	1
gu won pa	1
the berlin file	1
kim sung min	1
me gustas tu	1
so good	1
alicia keys	1
go young tae	1
wada sho	1
why is this news worthy	1
breath	1
nahyun	1
my palpitating life	1
jungkook	1
razzie	1
kmi tae hee	1
jtbc	1
bj sof	1
love after	1
do doom chit	1
shut up	1
tried to walk	1
runnin	1
spiderman	1
will.i.am	1
kim yong suk	1
yedang entertainment	1
kwak yoo hwa	1
forbes 100	1
last dance	1
#wyd	1
smtown studio	1
marc schaffel	1
exomentary	1
technology	1
kang sung pil	1
la weekly	1
b heart	1
doom dada	1
haetae	1
because i'm a girl	1
im joo hwan	1
cha hwa yeon	1
our house	1
jung chang young	1
february 2013	1
jimmy kimmel	1
deja vu	1
the light	1
kim jedong	1
kcon 2014	1
2013 kbs entertainment awards	1
we like 2 party	1
lee woo jung	1
lee jin woo	1
shin joo ah	1
scientists	1
hong yunhwa	1
lin genxing	1
noah	1
wonho	1
wifey	1
speed	1
don't forget	1
sm trainee	1
crappy journalism	1
coridel entertainment	1
jo young chul	1
three words	1
jung in young	1
rules	1
ruler	1
hwanhee	1
my star	1
chris evans	1
yasisi	1
rain company	1
kim hyun soo	1
jung junha	1
lena	1
kamen joshi	1
jj project	1
pilates	1
choi sung guk	1
lotto	1
legal	1
o=	1
mc geuri	1
assembly	1
gahi	1
skrillex	1
noh eun ji	1
kevin oh	1
my copycat	1
kwon miyeon	1
video star	1
heo kyung young	1
cartier	1
kim hyung suk	1
andrew garfield	1
end of a day	1
burning	1
ramyun	1
nct172	1
han hyeri	1
chat-shire	1
gillian chung	1
megan fox lol	1
sidus hq	1
donghyun	1
park min ji	1
complete	1
giant pink	1
gatebox	1
panda bear	1
get dumb	1
jeremy scott	1
jooyoung	1
goeun	1
dubbing	1
jungsaemmool	1
shin seung hoon	1
2015 mbc gayo daejejun	1
two x	1
kapdongi	1
business of fashion	1
i13	1
cbx	1
ddanddara	1
new year 2013	1
click your heart	1
englishman	1
stephanie michova	1
strong heart 2	1
you	1
trash	1
korean media	1
ahn lina	1
she is a lie	1
shim suk hee	1
heo young saeng	1
nail salon paris	1
kim c	1
mtbd	1
zico tint	1
ts girl group	1
a lie	1
u	1
spring spring spring	1
choi soo jin	1
why....	1
kim suk hoon	1
little apple	1
twin strangers	1
kim ga yeon	1
:(	1
lee chae ryung	1
kim jenny	1
94 line	1
korean drama award	1
lee hye jung	1
shower later	1
han hee jun	1
baidu	1
legend of the blue sea	1
yes no maybe	1
around us entertainment	1
ma first	1
animation films	1
cheese in the trip	1
the day we felt the distance	1
single rider	1
idol cooking king	1
yooji	1
rosamund kwan	1
tae jin ah	1
2015 kbs entertainment awards	1
lisa	1
3 kings	1
the arc	1
seo yuri	1
architecture 101	1
mighty mouth	1
what else is there left to clarify in this world??	1
rose day	1
galaxy girl	1
the late late show	1
new york times	1
time slip dr. jin	1
kim jun hee	1
hey mama	1
visit korea committee	1
goodbye mr. black	1
choi yegeun	1
park ha sun	1
gaon chart awards	1
smap	1
mijoo	1
nflying	1
eternal5	1
park hye won	1
environment	1
kim ja ok	1
eye	1
yg the black	1
muju yg foundation	1
reddot award 2015	1
han gong ju	1
keunakeun	1
star news	1
mysterious	1
the colbert report	1
autographs	1
eleven 9	1
vogue korea	1
turbo	1
huang xiao ming	1
gucfkkasten	1
bae seul gi	1
i think i'm in love	1
shake shack	1
the first	1
nina dobrev	1
2014 golden disk awards	1
2eyes	1
hong kong	1
history	1
beautiful	1
n-sonic	1
pony	1
fxxk it	1
the lone duckling	1
park chan wook	1
station	1
steelheart	1
cameron diaz	1
awkward	1
voice acting	1
oh in hye	1
bagel girls	1
tazza 2	1
ryu	1
csp	1
k-much	1
seoul	1
lee gun hee	1
ryu won	1
chae bomi	1
project 101	1
girl hood	1
superstar china	1
sharon stone	1
akgae	1
???	1
maternity trip	1
photoshop	1
andy lau	1
kim kyung tak	1
mission	1
oh my god	1
chatshire	1
hwang jung min	1
wildest dreams	1
27	1
lucid dream	1
wat	1
lee mi kyung	1
sunyoul	1
high kick	1
independence movement day	1
jung doori	1
golden raspberry awards	1
food	1
starbucks	1
son eun seo	1
dayoung	1
ring ding dong	1
um jung hwa	1
2013 mbc entertainment awards	1
to you	1
great expectations	1
yoon park	1
jin goo	1
coming home	1
jill stuart	1
newton's apple	1
hate box	1
i have to go to work	1
kim sung oh	1
flower	1
arnold schwarzenegger	1
jung hye sung	1
ftc	1
health	1
kim lee an	1
2015 sbs entertainment awards	1
5 girls	1
misung	1
man from the stars	1
female president	1
giveaway	1
ryu hyun kyung	1
guinness	1
lee som	1
hwang chi yeol	1
neo school	1
minwoo	1
oh seug hwan	1
park gyuri	1
margaret thatcher	1
d.bace	1
oh ji eun	1
holup	1
lable sj	1
vivian hsu	1
2013 sbs entertainment awards	1
jo woo jong	1
banana	1
2013 kbs gayo festival	1
lee chae yeon	1
Even Hyeri's toe captures hearts	1
moos	1
shinji	1
no oh oh	1
akgae fans	1
ben baller	1
yoonhak	1
sungkyunkwan university	1
amanda bynes	1
igi yongbae	1
i don't know if they really spelled it lable or if it's the article's typo'	1
kim ji hoon	1
don't look at me like that	1
graffiti	1
l joe	1
park ji eun	1
date violence	1
winter garden	1
ha jooyeon	1
like a cat	1
nancy lang	1
korea drama awards	1
bad kiz	1
dickpunks	1
o-24	1
jo yun hee	1
the weeknd	1
ib world	1
lee kyu tae	1
girls who eat well	1
n project	1
jongdalsae	1
bad girl good girl	1
life of psy	1
yoon han	1
secret time	1
ext	1
naver poll	1
ji in	1
margot robbie	1
zest-z	1
oh yoon ah	1
woo hee jin	1
2016 scene stealer festival	1
wasted	1
stalker	1
shin bong sun	1
woman comic shoes	1
2016 sia	1
blackface	1
kim ji yeon	1
sunpoonggi ajumma	1
viagra	1
what if boa is ruby	1
the ark	1
lee jae ryong	1
kwala	1
shinvi	1
han dong geun	1
cd9	1
shia labeouf	1
melania trump	1
ki tae young	1
lee hee joon	1
geonil	1
insensible	1
sungje	1
lee kyun	1
upretty rap star 2	1
jung chul	1
pink bnn	1
ari	1
oh min suk	1
vasco	1
kwak ka hyun	1
sugar man	1
brand new world	1
wil try to update more as i find more throughout the day!	1
chun myung	1
selene 6.23	1
yoon kyun sang	1
same old	1
martian virus	1
attention	1
punch	1
2015 korean music awards	1
bohyung	1
eminem	1
heart rabbit girls	1
league	1
kwak hyun hwa	1
girl crush	1
the martian	1
youtube music awards	1
moonbin	1
baltimore	1
pure love	1
jungshin	1
deuksugung stonewall walkway	1
whatever	1
show time	1
hyunjin	1
devil	1
yang hyun mo	1
pk	1
xitsuh	1
empty	1
wonderful days	1
ram	1
new	1
lee dong guk	1
falling in love	1
body builder	1
choi hwa jung	1
myst3ry	1
decalcomanie	1
twenty	1
bikini	1
error	1
kim gyuri	1
welcome back	1
bae chul soo	1
christina grimmie	1
vogue china	1
kim jung min	1
security guards	1
code-v	1
iphone 5	1
heartless city	1
ash b	1
ha na kyung	1
deadpool	1
starlight	1
bang yongguk	1
baek chang joo	1
hwang soo jung	1
so so	1
me you	1
everyone's a marriage counselor now	1
airport fashion	1
anyone in ny too it's so warm here right now wtf	1
caribbean bay	1
yong pal	1
2014 mbc gayo daejejun	1
sm atium	1
lee jin yi	1
honggi	1
bad year	1
mode lifestyle magazine	1
yookyum	1
dirty vibe	1
liu yan	1
gone with the wind	1
throwaway	1
sims	1
taewon entertainment	1
bang minah	1
jackpot	1
woman sense	1
choi jin shil	1
birth of a great star	1
kim soo ro	1
all mine	1
three musketeers	1
fanclub names	1
prince	1
born hater	1
beautiful liar	1
pls stop	1
l000l	1
oh my news	1
florence and the machine	1
how are you	1
sejung	1
insoo	1
g-draogn	1
lee sung min	1
millenium boys	1
bae doo na	1
hongseok	1
fuse tv	1
my rosy life	1
hong seung sung	1
paul wauker	1
um aeng ran	1
yoo oh sung	1
mirror	1
awkward and inappropriate	1
yoohwan	1
dokdo island	1
yoohoo	1
religion	1
michael lee	1
harry potter	1
a little girl	1
ryu hyun jin	1
bj	1
evan spiegel	1
baby soul	1
gugudan project	1
2014 mbc drama awards	1
jolly v	1
gilme	1
gisele bundchen	1
shin eun sung	1
eunkwang	1
ppl	1
grammy	1
goksung	1
it's cold	1
daehyun	1
sorimsa	1
han dong chul	1
chewing gum	1
2015 girl group ranking	1
eunsol	1
autumn in my heart	1
if product design awards	1
shin so yool	1
coldplay	1
new journey to the west 3	1
seo shin ae	1
iron man 3	1
j-min	1
junior	1
shooting star	1
beatles code 2	1
robin thicke	1
hanna	1
2013 mbc drama awards	1
psyg	1
2016 korean drama awards	1
golden age	1
2013 melon music awards	1
jang kyung ah	1
zhang yuqi	1
noeul	1
1punch	1
yongin murderer	1
sex tape	1
actors	1
christmas paradise	1
killing camp	1
hakyeon	1
big 3	1
e	1
kau yang berasal dari bintang	1
hillary clinton	1
music bank in jakarta	1
c'est si bon	1
daily mail	1
debbie rowe	1
kang byung kyu.	1
jackal is coming	1
illionaire	1
afreeca tv	1
madame tussauds	1
into you	1
kim yunjin	1
the best love	1
kcc	1
nick jonas	1
shim eun jin	1
abercrombie	1
magic	1
20's choice	1
road boyz	1
jb	1
crayon	1
inner circle	1
victon	1
2014 korean music awards	1
2014 sbs entertainment awards	1
han se ah	1
blurred lines	1
a tale of two sisters	1
this picture though....	1
ice baby	1
odd	1
superstar k6	1
superstar k7	1
superstar k5	1
sm new girl group	1
jyp pictures	1
dear santa	1
pristine	1
yoon jin yi	1
aka gifs	1
body	1
masuwaka tsubasa	1
jhope	1
chunwan	1
the bachelor	1
the traxx	1
sunny days	1
park sung jin	1
um oh ah ye	1
kim jae wook	1
hashimoto nanami	1
han sa min	1
ha hyun woo	1
you're the first	1
house party	1
bruce willis	1
shin ah young	1
lime	1
hyoyeon's one million likes	1
park hyun bin	1
m pire	1
honey bee	1
jung yumi	1
battle trip	1
myundo	1
kim min seok	1
my first and last	1
gogh the starry night	1
the 7th sense	1
2016 baeksang arts awards	1
youth generation	1
suspicious housekeeper	1
tax evasion	1
octopuses are losing it	1
gasengi	1
rottyful sky	1
heartbreak hotel	1
miracle in cell no. 7	1
son hyun joo	1
yagi arisa	1
the saem	1
glad you came	1
a real man	1
2015 hallyu dream festival	1
nega network	1
park jin hee	1
kim chang ryeol	1
boxing	1
sia	1
nari	1
kim jae woong	1
park shi hwan	1
yoo dam	1
iron man	1
andrew choi	1
asia chow	1
song kang ho	1
park joong hoon	1
chae shi ra	1
from morning to morning	1
boombayeh	1
smoky girl	1
park sang do	1
puer kim	1
sam smith	1
roncato	1
reply 2016	1
music bank in mexico	1
the most beautiful moment in life	1
vma	1
joanne	1
kim chang hwan	1
choi min shik	1
another oh hae young	1
innisfree	1
lg	1
kim eun joo	1
hyemi	1
park go eun	1
park joori	1
2014	1
jo seung woo	1
dam	1
spell	1
sam gu	1
the hunger games 2	1
woo bong shik	1
god of victory	1
kiss	1
kim moo yeol	1
cruel city	1
shotacon	1
cider	1
sebakwi	1
crispi crunch	1
lingerie	1
mode	1
yg stage	1
sueprnova	1
lee sora	1
illuminati	1
someone like u	1
ji hyo	1
hmmm...	1
i yah	1
incarnation of money	1
wang sicong	1
sm the performance	1
alberto mondi	1
sorry i havent updated yet	1
the genius	1
tf boys	1
hong jin kyung	1
umbrella	1
you're the best	1
molly	1
you're all surrounded	1
my wife is cheating	1
dj tiesto	1
stop girl	1
kim rae won	1
park jun gyu	1
oh seunghee	1
kim ui sung	1
be back	1
jewel in the palace	1
the hym	1
im jun hyuk	1
sam ochiri	1
sing for you	1
the great jang geum	1
yoko ono	1
pretty underwear	1
the king of dramas	1
wonder boyz	1
new york	1
min jun	1
hidden camera battle	1
son ji chang	1
the discovery of love	1
lily may mac	1
2016 dmc festival	1
tei	1
mari and i	1
rahee	1
yena	1
mayweather	1
cheoyong	1
zico on the block 1.5	1
stupid articles	1
ss	1
itano tomomi	1
yoon sungmo	1
lee yoon ji	1
lee yoon suk	1
sung ingyu	1
cema	1
im ji yeon	1
hwang sang hoon	1
kim yong ha	1
kim tae yong	1
channel snsd	1
oh cho hee	1
jung kyeo woon	1
gravity	1
sorry it's another luna article i would've combined it if it came up earlier with the other one but it just came up now	1
miniskirt	1
the great seer	1
sr15b	1
hwangbo	1
beat it	1
2016 aaa	1
han go eun	1
blackbeat	1
medical top team	1
army.	1
sara bareilles	1
yoon seo	1
ast1	1
warren g	1
noir	1
park hwi soon	1
mo mo mo	1
backstreet boys	1
korea broadcast standards commission	1
in gyo jin	1
evolution	1
ilibe	1
pirate	1
naul	1
age of feeling	1
shi	1
kwon hyun sang	1
jung tae won	1
lee young don	1
jo sung min	1
park chan min	1
2015 sbs drama awards	1
singing got better	1
ah choo	1
identify	1
2013 dream concert	1
jion	1
lous vuitton	1
ahn mi jung	1
shin so yul	1
young folk	1
yoomin	1
gwyneth paltrow	1
icecream	1
galaxy	1
4him entertainment	1
WTF THOSE CLOTHES PINS	1
peter ho	1
kei	1
janey	1
andamiro	1
the episode hasn't aired yet it's just teaser snippets	1
the virus	1
shin hae chul	1
noh hyo rin	1
i remember you	1
gd x taeyang	1
hyunshik	1
so proud of you huge boy <3	1
sung dong il	1
we found love	1
jung seung hwan.	1
double jc	1
la la land	1
ultra music festival	1
daniel henney	1
mafia	1
sunday	1
jang hyun	1
tyler	1
grazia	1
whisper	1
neo culture technology	1
bora kim	1
jung da eun	1
jkt48	1
john park	1
24 hours	1
terminator 5	1
c9	1
mystic entertainment	1
minegishi minami	1
jang giha and faces	1
you and i	1
carboxy shots	1
lee hyoo rim	1
divorce	1
vic chou	1
sojung	1
saint laurent	1
jun soyeon	1
to heart	1
android	1
jooheon	1
swincle	1
buzz	1
beast	1
prince william	1
jaejin	1
89 line	1
bon bun gold medal	1
min ki woo hyun	1
tyler the creator	1
marie claire	1
miljenko matijevic	1
lee yi kyung	1
2016 mbc gayo daejejun	1
1 am	1
im kwang wook	1
samuel jackson	1
skincare	1
yoon jung soo	1
2000won	1
show note	1
ohn ju wan	1
youngjae	1
the fashion awards 2016	1
forbes	1
poll	1
binnie	1
beanpole	1
ugly alert	1
because i'm the best	1
leon	1
belgium	1
winner china	1
jenissi	1
osen	1
cause you're my star	1
tumblr	1
jungigo	1
home	1
style icon awards 2016	1
pureboy	1
?	1
trap	1
yoo sang moo	1
eunjijoifwoegijaodjfoijweojf	1
choi jung moon	1
walking into the world	1
rock	1
freemason	1
kwon mijin	1
iris	1
yang jung won	1
clazziquai	1
b2uty	1
2ch	1
jyp nation	1
dating alone	1
moogadang	1
travelers	1
7th grade class 1	1
shaolin monastery	1
promise	1
phantasia	1
plan a	1
do you remember	1
van	1
hope for dating	1
pa	1
give love	1
night watchman	1
ayumi	1
koica	1
lay-t	1
jinx	1
scholar who walks the night	1
ireland	1
aziatix	1
kim seul gi	1
park tae hwan	1
nicholas hoult	1
oh ah reum	1
made	1
pistachios	1
not really	1
dragon blade	1
mtv ema	1
hidden singer	1
marilyn monroe	1
mizuhara	1
hyorinl	1
world map	1
boggi milano	1
1 on 1	1
political doctor	1
my last	1
cold rain	1
i like u too much	1
battle royal	1
jo se hui	1
i'll be	1
lee wae soo	1
no brain	1
leessang company	1
lee seung young	1
don't touch me	1
